INSERT INTO Questionnaire (questionnaireID, questionnaire_Title, Aid) VALUES ('QQ001','Thoughts on Formula 1 Racing',1);
INSERT INTO Keywords (keyword) VALUES ('motorsports');
INSERT INTO Keywords (keyword) VALUES ('driving');
INSERT INTO Keywords (keyword) VALUES ('celebrities');
INSERT INTO Question (Question_ID, Qtext, Qrequired, Qtype, QuestionaireID) VALUES ('P01a','Ποια είναι η ηλικία σας;','TRUE','profile','QQ001');
INSERT INTO Question (Question_ID, Qtext, Qrequired, Qtype, QuestionaireID) VALUES ('Q01a','Ασχολείστε με τις εξέλιξεις στο πρωτάθλημα της Formula 1 ;','TRUE','question','QQ001');
INSERT INTO Question (Question_ID, Qtext, Qrequired, Qtype, QuestionaireID) VALUES ('Q02a','Πόσα χρόνια είστε φάν της Formula 1;','TRUE','question','QQ001');
INSERT INTO Question (Question_ID, Qtext, Qrequired, Qtype, QuestionaireID) VALUES ('Q03a','Υποστηρίζετε κάποια απο τις 3 κυριάρχες ομάδες','TRUE','question','QQ001');
INSERT INTO Question (Question_ID, Qtext, Qrequired, Qtype, QuestionaireID) VALUES ('Q04a','Δεδομένου πως απαντήσατε /Ναι την Mercedes/ στην ερώτηση /Υποστηρίζετε κάποια απο τις 3 κυριάρχες ομάδες/: Ποιον απο τους δύο οδηγούς της Mercedes υποστηρίζετε περισσότερο;','TRUE','question','QQ001');
INSERT INTO Question (Question_ID, Qtext, Qrequired, Qtype, QuestionaireID) VALUES ('Q05a','Δεδομένου πως απαντήσατε /Ναι την Ferrari/ στην ερώτηση /Υποστηρίζετε κάποια απο τις 3 κυριάρχες ομάδες/: Ποιός απο τους δύο οδηγούς της Ferrari θεωρείτε πως είναι χειρότερος','TRUE','question','QQ001');
INSERT INTO Question (Question_ID, Qtext, Qrequired, Qtype, QuestionaireID) VALUES ('Q06a','Με δεδομένο ότι απαντήσατε /Ναι την Red Bull Racing/ στην ερώτηση /Υποστηρίζετε κάποια απο τις 3 κυριάρχες ομάδες/: Ποιός απο τους δύο οδηγούς της Red Bull Racing θεωρείτε πως είναι καλύτερος','TRUE','question','QQ001');
INSERT INTO Question (Question_ID, Qtext, Qrequired, Qtype, QuestionaireID) VALUES ('Q07a','Με δεδομένο ότι απαντήσατε /Όχι, καμία/ στην ερώτηση /Υποστηρίζετε κάποια απο τις 3 κυριάρχες ομάδες/: Ήσασταν κάποτε φαν κάποιας απο τις 3 κυρίαρχες ομάδες;','TRUE','question','QQ001');
INSERT INTO Question (Question_ID, Qtext, Qrequired, Qtype, QuestionaireID) VALUES ('Q08a','Ποιοί αγώνες θα λέγατε οτί είναι πιο ενδιαφέροντες στο πρωτάθλημα','TRUE','question','QQ001');
INSERT INTO Question (Question_ID, Qtext, Qrequired, Qtype, QuestionaireID) VALUES ('Q09a','θα παρακολουθούσατε κάποιον αγώνα εάν σας το πρότεινε κάποιος φίλος σας;','TRUE','question','QQ001');
INSERT INTO Question (Question_ID, Qtext, Qrequired, Qtype, QuestionaireID) VALUES ('Q10a','Συγκρίνοντας με τον περίγυρο σας, νίωθετε πως η δημοφιλία του αθλήμτος έχει ανέβει;','TRUE','question','QQ001');
INSERT INTO Options (Opt_ID, Opt_Text) VALUES ('P01aA1','<20');
INSERT INTO Options (Opt_ID, Opt_Text) VALUES ('P01aA2','20-40');
INSERT INTO Options (Opt_ID, Opt_Text) VALUES ('P01aA3','40-50');
INSERT INTO Options (Opt_ID, Opt_Text) VALUES ('P01aA4','>50');
INSERT INTO Options (Opt_ID, Opt_Text) VALUES ('Q01aA1','Ναι είμαι φαν του αθλήματος');
INSERT INTO Options (Opt_ID, Opt_Text) VALUES ('Q01aA2','Όχι ιδιαίτερα');
INSERT INTO Options (Opt_ID, Opt_Text) VALUES ('Q02aA1','Λιγότερο απο 1 χρόνο');
INSERT INTO Options (Opt_ID, Opt_Text) VALUES ('Q02aA2','2-5 Χρόνια');
INSERT INTO Options (Opt_ID, Opt_Text) VALUES ('Q02aA3','Πάνω απο 5 Χρόνια');
INSERT INTO Options (Opt_ID, Opt_Text) VALUES ('Q03aA1','Ναι την Mercedes');
INSERT INTO Options (Opt_ID, Opt_Text) VALUES ('Q03aA2','Ναι την Ferrari');
INSERT INTO Options (Opt_ID, Opt_Text) VALUES ('Q03aA3','Ναι την Red Bull Racing');
INSERT INTO Options (Opt_ID, Opt_Text) VALUES ('Q03aA4','Όχι, καμία');
INSERT INTO Options (Opt_ID, Opt_Text) VALUES ('Q04aA1','Louis Hamilton');
INSERT INTO Options (Opt_ID, Opt_Text) VALUES ('Q04aA2','George Russell');
INSERT INTO Options (Opt_ID, Opt_Text) VALUES ('Q05aA1','Charles LeClerc');
INSERT INTO Options (Opt_ID, Opt_Text) VALUES ('Q05aA2','Carlos Sainz');
INSERT INTO Options (Opt_ID, Opt_Text) VALUES ('Q06aA1','Max Verstappen');
INSERT INTO Options (Opt_ID, Opt_Text) VALUES ('Q06aA2','Perez');
INSERT INTO Options (Opt_ID, Opt_Text) VALUES ('Q07aA1','Παλιότερα Ναι');
INSERT INTO Options (Opt_ID, Opt_Text) VALUES ('Q07aA2','Ποτέ');
INSERT INTO Options (Opt_ID, Opt_Text) VALUES ('Q08aA1','Αγώνας Πόλης');
INSERT INTO Options (Opt_ID, Opt_Text) VALUES ('Q08aA2','Αγώνας Πίστας');
INSERT INTO Options (Opt_ID, Opt_Text) VALUES ('Q09aA1','Αποκλείεται');
INSERT INTO Options (Opt_ID, Opt_Text) VALUES ('Q09aA2','Θα το σκεφτόμουν');
INSERT INTO Options (Opt_ID, Opt_Text) VALUES ('Q10aA1','Ναι');
INSERT INTO Options (Opt_ID, Opt_Text) VALUES ('Q10aA2','Ίσως');
INSERT INTO Options (Opt_ID, Opt_Text) VALUES ('Q10aA3','Οχι');
INSERT INTO Questionnaire_Keywords (QuestionnaireQuestionnaireID, KeywordsKeyword) VALUES ('QQ001','motorsports');
INSERT INTO Questionnaire_Keywords (QuestionnaireQuestionnaireID, KeywordsKeyword) VALUES ('QQ001','driving');
INSERT INTO Questionnaire_Keywords (QuestionnaireQuestionnaireID, KeywordsKeyword) VALUES ('QQ001','celebrities');
INSERT INTO Questions_Options (QuestionID, OptID, Next_Q) VALUES ('P01a','P01aA1','Q01a');
INSERT INTO Questions_Options (QuestionID, OptID, Next_Q) VALUES ('P01a','P01aA2','Q01a');
INSERT INTO Questions_Options (QuestionID, OptID, Next_Q) VALUES ('P01a','P01aA3','Q01a');
INSERT INTO Questions_Options (QuestionID, OptID, Next_Q) VALUES ('P01a','P01aA4','Q01a');
INSERT INTO Questions_Options (QuestionID, OptID, Next_Q) VALUES ('Q01a','Q01aA1','Q02a');
INSERT INTO Questions_Options (QuestionID, OptID, Next_Q) VALUES ('Q01a','Q01aA2','Q09a');
INSERT INTO Questions_Options (QuestionID, OptID, Next_Q) VALUES ('Q02a','Q02aA1','Q03a');
INSERT INTO Questions_Options (QuestionID, OptID, Next_Q) VALUES ('Q02a','Q02aA2','Q03a');
INSERT INTO Questions_Options (QuestionID, OptID, Next_Q) VALUES ('Q02a','Q02aA3','Q03a');
INSERT INTO Questions_Options (QuestionID, OptID, Next_Q) VALUES ('Q03a','Q03aA1','Q04a');
INSERT INTO Questions_Options (QuestionID, OptID, Next_Q) VALUES ('Q03a','Q03aA2','Q05a');
INSERT INTO Questions_Options (QuestionID, OptID, Next_Q) VALUES ('Q03a','Q03aA3','Q06a');
INSERT INTO Questions_Options (QuestionID, OptID, Next_Q) VALUES ('Q03a','Q03aA4','Q07a');
INSERT INTO Questions_Options (QuestionID, OptID, Next_Q) VALUES ('Q04a','Q04aA1','Q08a');
INSERT INTO Questions_Options (QuestionID, OptID, Next_Q) VALUES ('Q04a','Q04aA2','Q08a');
INSERT INTO Questions_Options (QuestionID, OptID, Next_Q) VALUES ('Q05a','Q05aA1','Q08a');
INSERT INTO Questions_Options (QuestionID, OptID, Next_Q) VALUES ('Q05a','Q05aA2','Q08a');
INSERT INTO Questions_Options (QuestionID, OptID, Next_Q) VALUES ('Q06a','Q06aA1','Q08a');
INSERT INTO Questions_Options (QuestionID, OptID, Next_Q) VALUES ('Q06a','Q06aA2','Q08a');
INSERT INTO Questions_Options (QuestionID, OptID, Next_Q) VALUES ('Q07a','Q07aA1','Q08a');
INSERT INTO Questions_Options (QuestionID, OptID, Next_Q) VALUES ('Q07a','Q07aA2','Q08a');
INSERT INTO Questions_Options (QuestionID, OptID, Next_Q) VALUES ('Q08a','Q08aA1','Q10a');
INSERT INTO Questions_Options (QuestionID, OptID, Next_Q) VALUES ('Q08a','Q08aA2','Q10a');
INSERT INTO Questions_Options (QuestionID, OptID, Next_Q) VALUES ('Q09a','Q09aA1','Q10a');
INSERT INTO Questions_Options (QuestionID, OptID, Next_Q) VALUES ('Q09a','Q09aA2','Q10a');
INSERT INTO Questions_Options (QuestionID, OptID, Next_Q) VALUES ('Q10a','Q10aA1','Q10a');
INSERT INTO Questions_Options (QuestionID, OptID, Next_Q) VALUES ('Q10a','Q10aA2','Q10a');
INSERT INTO Questions_Options (QuestionID, OptID, Next_Q) VALUES ('Q10a','Q10aA3','Q10a');
