DELETE FROM Questionnaire_Keywords;
DELETE FROM Questions_Options;
DELETE FROM Session_Questions_Options;
DELETE FROM Question;
DELETE FROM Sesion;
DELETE FROM Questionnaire;
DELETE FROM Admin;
DELETE FROM Keywords;
DELETE FROM Options;



INSERT INTO Admin (Aid, Last_name, First_name, Telephone) VALUES (1,'Tiz', 'Ali', 6944343432);

INSERT INTO Questionnaire (questionnaireID, questionnaire_Title, Aid) VALUES ('QQ000','My first research questionnaire',1);
INSERT INTO Keywords (keyword) VALUES ('footbal');
INSERT INTO Keywords (keyword) VALUES ('islands');
INSERT INTO Keywords (keyword) VALUES ('timezone');
INSERT INTO Question (Question_ID, Qtext, Qrequired, Qtype, QuestionaireID) VALUES ('P01','Ποια είναι η ηλικία σας;','TRUE','profile','QQ000');
INSERT INTO Question (Question_ID, Qtext, Qrequired, Qtype, QuestionaireID) VALUES ('Q01','Ποιο είναι το αγαπημένο σας χρώμα;','TRUE','question','QQ000');
INSERT INTO Question (Question_ID, Qtext, Qrequired, Qtype, QuestionaireID) VALUES ('Q02','Ασχολείστε με το ποδόσφαιρο;','TRUE','question','QQ000');
INSERT INTO Question (Question_ID, Qtext, Qrequired, Qtype, QuestionaireID) VALUES ('Q03','Τι ομάδα είστε;','TRUE','question','QQ000');
INSERT INTO Question (Question_ID, Qtext, Qrequired, Qtype, QuestionaireID) VALUES ('Q04','Έχετε ζήσει σε νησί;','TRUE','question','QQ000');
INSERT INTO Question (Question_ID, Qtext, Qrequired, Qtype, QuestionaireID) VALUES ('Q05','Με δεδομένο ότι απαντήσατε \'Ναι\' στην ερώτηση \'Έχετε ζήσει σε νησί;\': Ποια η σχέση σας με το θαλάσσιο σκι;','TRUE','question','QQ000');
INSERT INTO Question (Question_ID, Qtext, Qrequired, Qtype, QuestionaireID) VALUES ('Q06','Είστε χειμερινός κολυμβητής','TRUE','question','QQ000');
INSERT INTO Question (Question_ID, Qtext, Qrequired, Qtype, QuestionaireID) VALUES ('Q07','Κάνετε χειμερινό σκι;','TRUE','question','QQ000');
INSERT INTO Question (Question_ID, Qtext, Qrequired, Qtype, QuestionaireID) VALUES ('Q08','Συμφωνείτε να αλλάζει η ώρα κάθε χρόνο;','TRUE','question','QQ000');
INSERT INTO Question (Question_ID, Qtext, Qrequired, Qtype, QuestionaireID) VALUES ('Q09','Με δεδομένο ότι απαντήσατε \'Οχι\' στην ερώτηση \'Συμφωνείτε να αλλάζει η ώρα κάθε χρόνο;\': Προτιμάτε τη θερινή ή την χειμερινή ώρα;','TRUE','question','QQ000');
INSERT INTO Options (Opt_ID, Opt_Text) VALUES ('P01A1','<30');
INSERT INTO Options (Opt_ID, Opt_Text) VALUES ('P01A2','30-50');
INSERT INTO Options (Opt_ID, Opt_Text) VALUES ('P01A3','50-70');
INSERT INTO Options (Opt_ID, Opt_Text) VALUES ('P01A4','>70');
INSERT INTO Options (Opt_ID, Opt_Text) VALUES ('Q01A1','Πράσινο');
INSERT INTO Options (Opt_ID, Opt_Text) VALUES ('Q01A2','Κόκκινο');
INSERT INTO Options (Opt_ID, Opt_Text) VALUES ('Q01A3','Κίτρινο');
INSERT INTO Options (Opt_ID, Opt_Text) VALUES ('Q02A1','Ναι');
INSERT INTO Options (Opt_ID, Opt_Text) VALUES ('Q02A2','Οχι');
INSERT INTO Options (Opt_ID, Opt_Text) VALUES ('Q03A1','Παναθηναϊκός');
INSERT INTO Options (Opt_ID, Opt_Text) VALUES ('Q03A2','Ολυμπιακός ');
INSERT INTO Options (Opt_ID, Opt_Text) VALUES ('Q03A3','ΑΕΚ');
INSERT INTO Options (Opt_ID, Opt_Text) VALUES ('Q04A1','Ναι');
INSERT INTO Options (Opt_ID, Opt_Text) VALUES ('Q04A2','Οχι');
INSERT INTO Options (Opt_ID, Opt_Text) VALUES ('Q05A1','Καμία');
INSERT INTO Options (Opt_ID, Opt_Text) VALUES ('Q05A2','Μικρή');
INSERT INTO Options (Opt_ID, Opt_Text) VALUES ('Q05A3','Μεγάλη');
INSERT INTO Options (Opt_ID, Opt_Text) VALUES ('Q06A1','Ναι');
INSERT INTO Options (Opt_ID, Opt_Text) VALUES ('Q06A2','Οχι');
INSERT INTO Options (Opt_ID, Opt_Text) VALUES ('Q07A1','Σπάνια - καθόλου');
INSERT INTO Options (Opt_ID, Opt_Text) VALUES ('Q07A2','Περιστασιακά');
INSERT INTO Options (Opt_ID, Opt_Text) VALUES ('Q07A3','Τακτικά');
INSERT INTO Options (Opt_ID, Opt_Text) VALUES ('Q08A1','Ναι');
INSERT INTO Options (Opt_ID, Opt_Text) VALUES ('Q08A2','Οχι');
INSERT INTO Options (Opt_ID, Opt_Text) VALUES ('Q09A1','Θερινή');
INSERT INTO Options (Opt_ID, Opt_Text) VALUES ('Q09A2','Χειμερινή');
INSERT INTO Questionnaire_Keywords (QuestionnaireQuestionnaireID, KeywordsKeyword) VALUES ('QQ000','footbal');
INSERT INTO Questionnaire_Keywords (QuestionnaireQuestionnaireID, KeywordsKeyword) VALUES ('QQ000','islands');
INSERT INTO Questionnaire_Keywords (QuestionnaireQuestionnaireID, KeywordsKeyword) VALUES ('QQ000','timezone');
INSERT INTO Questions_Options (QuestionID, OptID, Next_Q) VALUES ('P01','P01A1','Q01');
INSERT INTO Questions_Options (QuestionID, OptID, Next_Q) VALUES ('P01','P01A2','Q01');
INSERT INTO Questions_Options (QuestionID, OptID, Next_Q) VALUES ('P01','P01A3','Q01');
INSERT INTO Questions_Options (QuestionID, OptID, Next_Q) VALUES ('P01','P01A4','Q01');
INSERT INTO Questions_Options (QuestionID, OptID, Next_Q) VALUES ('Q01','Q01A1','Q02');
INSERT INTO Questions_Options (QuestionID, OptID, Next_Q) VALUES ('Q01','Q01A2','Q02');
INSERT INTO Questions_Options (QuestionID, OptID, Next_Q) VALUES ('Q01','Q01A3','Q02');
INSERT INTO Questions_Options (QuestionID, OptID, Next_Q) VALUES ('Q02','Q02A1','Q03');
INSERT INTO Questions_Options (QuestionID, OptID, Next_Q) VALUES ('Q02','Q02A2','Q04');
INSERT INTO Questions_Options (QuestionID, OptID, Next_Q) VALUES ('Q03','Q03A1','Q04');
INSERT INTO Questions_Options (QuestionID, OptID, Next_Q) VALUES ('Q03','Q03A2','Q04');
INSERT INTO Questions_Options (QuestionID, OptID, Next_Q) VALUES ('Q03','Q03A3','Q04');
INSERT INTO Questions_Options (QuestionID, OptID, Next_Q) VALUES ('Q04','Q04A1','Q05');
INSERT INTO Questions_Options (QuestionID, OptID, Next_Q) VALUES ('Q04','Q04A2','Q06');
INSERT INTO Questions_Options (QuestionID, OptID, Next_Q) VALUES ('Q05','Q05A1','Q07');
INSERT INTO Questions_Options (QuestionID, OptID, Next_Q) VALUES ('Q05','Q05A2','Q07');
INSERT INTO Questions_Options (QuestionID, OptID, Next_Q) VALUES ('Q05','Q05A3','Q07');
INSERT INTO Questions_Options (QuestionID, OptID, Next_Q) VALUES ('Q06','Q06A1','Q07');
INSERT INTO Questions_Options (QuestionID, OptID, Next_Q) VALUES ('Q06','Q06A2','Q07');
INSERT INTO Questions_Options (QuestionID, OptID, Next_Q) VALUES ('Q07','Q07A1','Q08');
INSERT INTO Questions_Options (QuestionID, OptID, Next_Q) VALUES ('Q07','Q07A2','Q08');
INSERT INTO Questions_Options (QuestionID, OptID, Next_Q) VALUES ('Q07','Q07A3','Q08');
INSERT INTO Questions_Options (QuestionID, OptID, Next_Q) VALUES ('Q08','Q08A1','Q09');
INSERT INTO Questions_Options (QuestionID, OptID, Next_Q) VALUES ('Q08','Q08A2','Q08');
INSERT INTO Questions_Options (QuestionID, OptID, Next_Q) VALUES ('Q09','Q09A1','Q09');
INSERT INTO Questions_Options (QuestionID, OptID, Next_Q) VALUES ('Q09','Q09A2','Q09');

INSERT INTO Sesion (Session_ID, QuestionnaireID, UserString) VALUES ('ATBP','QQ000','BJZxasfT');
INSERT INTO Session_Questions_Options (Q_ID, S_ID, O_ID) VALUES ('P01','ATBP','P01A1');
INSERT INTO Session_Questions_Options (Q_ID, S_ID, O_ID) VALUES ('Q01','ATBP','Q01A2');
INSERT INTO Session_Questions_Options (Q_ID, S_ID, O_ID) VALUES ('Q02','ATBP','Q02A1');
INSERT INTO Session_Questions_Options (Q_ID, S_ID, O_ID) VALUES ('Q03','ATBP','Q03A1');
INSERT INTO Session_Questions_Options (Q_ID, S_ID, O_ID) VALUES ('Q04','ATBP','Q04A1');
INSERT INTO Session_Questions_Options (Q_ID, S_ID, O_ID) VALUES ('Q05','ATBP','Q05A1');
INSERT INTO Session_Questions_Options (Q_ID, S_ID, O_ID) VALUES ('Q07','ATBP','Q07A3');
INSERT INTO Session_Questions_Options (Q_ID, S_ID, O_ID) VALUES ('Q08','ATBP','Q08A1');
INSERT INTO Session_Questions_Options (Q_ID, S_ID, O_ID) VALUES ('Q09','ATBP','Q09A1');
INSERT INTO Sesion (Session_ID, QuestionnaireID, UserString) VALUES ('ATBA','QQ000','DeGXGcoa');
INSERT INTO Session_Questions_Options (Q_ID, S_ID, O_ID) VALUES ('P01','ATBA','P01A1');
INSERT INTO Session_Questions_Options (Q_ID, S_ID, O_ID) VALUES ('Q01','ATBA','Q01A1');
INSERT INTO Session_Questions_Options (Q_ID, S_ID, O_ID) VALUES ('Q02','ATBA','Q02A1');
INSERT INTO Session_Questions_Options (Q_ID, S_ID, O_ID) VALUES ('Q03','ATBA','Q03A2');
INSERT INTO Session_Questions_Options (Q_ID, S_ID, O_ID) VALUES ('Q04','ATBA','Q04A2');
INSERT INTO Session_Questions_Options (Q_ID, S_ID, O_ID) VALUES ('Q06','ATBA','Q06A1');
INSERT INTO Session_Questions_Options (Q_ID, S_ID, O_ID) VALUES ('Q07','ATBA','Q07A2');
INSERT INTO Session_Questions_Options (Q_ID, S_ID, O_ID) VALUES ('Q08','ATBA','Q08A1');
INSERT INTO Session_Questions_Options (Q_ID, S_ID, O_ID) VALUES ('Q09','ATBA','Q09A2');
INSERT INTO Sesion (Session_ID, QuestionnaireID, UserString) VALUES ('ATBB','QQ000','dhtiUhHy');
INSERT INTO Session_Questions_Options (Q_ID, S_ID, O_ID) VALUES ('P01','ATBB','P01A2');
INSERT INTO Session_Questions_Options (Q_ID, S_ID, O_ID) VALUES ('Q01','ATBB','Q01A3');
INSERT INTO Session_Questions_Options (Q_ID, S_ID, O_ID) VALUES ('Q02','ATBB','Q02A1');
INSERT INTO Session_Questions_Options (Q_ID, S_ID, O_ID) VALUES ('Q03','ATBB','Q03A3');
INSERT INTO Session_Questions_Options (Q_ID, S_ID, O_ID) VALUES ('Q04','ATBB','Q04A1');
INSERT INTO Session_Questions_Options (Q_ID, S_ID, O_ID) VALUES ('Q05','ATBB','Q05A2');
INSERT INTO Session_Questions_Options (Q_ID, S_ID, O_ID) VALUES ('Q07','ATBB','Q07A2');
INSERT INTO Session_Questions_Options (Q_ID, S_ID, O_ID) VALUES ('Q08','ATBB','Q08A1');
INSERT INTO Session_Questions_Options (Q_ID, S_ID, O_ID) VALUES ('Q09','ATBB','Q09A2');
INSERT INTO Sesion (Session_ID, QuestionnaireID, UserString) VALUES ('ATBC','QQ000','wPtzzwAw');
INSERT INTO Session_Questions_Options (Q_ID, S_ID, O_ID) VALUES ('P01','ATBC','P01A3');
INSERT INTO Session_Questions_Options (Q_ID, S_ID, O_ID) VALUES ('Q01','ATBC','Q01A3');
INSERT INTO Session_Questions_Options (Q_ID, S_ID, O_ID) VALUES ('Q02','ATBC','Q02A2');
INSERT INTO Session_Questions_Options (Q_ID, S_ID, O_ID) VALUES ('Q04','ATBC','Q04A1');
INSERT INTO Session_Questions_Options (Q_ID, S_ID, O_ID) VALUES ('Q05','ATBC','Q05A3');
INSERT INTO Session_Questions_Options (Q_ID, S_ID, O_ID) VALUES ('Q07','ATBC','Q07A1');
INSERT INTO Session_Questions_Options (Q_ID, S_ID, O_ID) VALUES ('Q08','ATBC','Q08A1');
INSERT INTO Session_Questions_Options (Q_ID, S_ID, O_ID) VALUES ('Q09','ATBC','Q09A1');
INSERT INTO Sesion (Session_ID, QuestionnaireID, UserString) VALUES ('ATBD','QQ000','UdiCHnEz');
INSERT INTO Session_Questions_Options (Q_ID, S_ID, O_ID) VALUES ('P01','ATBD','P01A4');
INSERT INTO Session_Questions_Options (Q_ID, S_ID, O_ID) VALUES ('Q01','ATBD','Q01A1');
INSERT INTO Session_Questions_Options (Q_ID, S_ID, O_ID) VALUES ('Q02','ATBD','Q02A1');
INSERT INTO Session_Questions_Options (Q_ID, S_ID, O_ID) VALUES ('Q03','ATBD','Q03A1');
INSERT INTO Session_Questions_Options (Q_ID, S_ID, O_ID) VALUES ('Q04','ATBD','Q04A2');
INSERT INTO Session_Questions_Options (Q_ID, S_ID, O_ID) VALUES ('Q06','ATBD','Q06A2');
INSERT INTO Session_Questions_Options (Q_ID, S_ID, O_ID) VALUES ('Q07','ATBD','Q07A3');
INSERT INTO Session_Questions_Options (Q_ID, S_ID, O_ID) VALUES ('Q08','ATBD','Q08A2');
